timestamp,character_name,action
2025-02-01 20:00:00,Landon the Bold,Attack
2025-02-01 20:01:00,Elara the Wise,Cast Spell
2025-02-01 20:02:00,Thorin Ironfist,Dodge
2025-02-01 20:03:00,Sylva Moonshadow,Heal
2025-02-01 20:04:00,Garrick the Swift,Use Item
2025-02-01 20:05:00,Landon the Bold,Defend
2025-02-01 20:06:00,Elara the Wise,Sneak
2025-02-01 20:07:00,Thorin Ironfist,Persuade
2025-02-01 20:08:00,Sylva Moonshadow,Investigate
2025-02-01 20:09:00,Garrick the Swift,Dash
2025-02-01 20:10:00,Landon the Bold,Attack
2025-02-01 20:11:00,Elara the Wise,Cast Spell
2025-02-01 20:12:00,Thorin Ironfist,Dodge
2025-02-01 20:13:00,Sylva Moonshadow,Heal
2025-02-01 20:14:00,Garrick the Swift,Use Item
2025-02-01 20:15:00,Landon the Bold,Defend
2025-02-01 20:16:00,Elara the Wise,Sneak
2025-02-01 20:17:00,Thorin Ironfist,Persuade
2025-02-01 20:18:00,Sylva Moonshadow,Investigate
2025-02-01 20:19:00,Garrick the Swift,Dash
2025-02-01 20:20:00,Landon the Bold,Attack
2025-02-01 20:21:00,Elara the Wise,Cast Spell
2025-02-01 20:22:00,Thorin Ironfist,Dodge
2025-02-01 20:23:00,Sylva Moonshadow,Heal
2025-02-01 20:24:00,Garrick the Swift,Use Item
2025-02-01 20:25:00,Landon the Bold,Defend
2025-02-01 20:26:00,Elara the Wise,Sneak
2025-02-01 20:27:00,Thorin Ironfist,Persuade
2025-02-01 20:28:00,Sylva Moonshadow,Investigate
2025-02-01 20:29:00,Garrick the Swift,Dash
2025-02-01 20:30:00,Landon the Bold,Attack
2025-02-01 20:31:00,Elara the Wise,Cast Spell
2025-02-01 20:32:00,Thorin Ironfist,Dodge
2025-02-01 20:33:00,Sylva Moonshadow,Heal
2025-02-01 20:34:00,Garrick the Swift,Use Item
2025-02-01 20:35:00,Landon the Bold,Defend
2025-02-01 20:36:00,Elara the Wise,Sneak
2025-02-01 20:37:00,Thorin Ironfist,Persuade
2025-02-01 20:38:00,Sylva Moonshadow,Investigate
2025-02-01 20:39:00,Garrick the Swift,Dash
2025-02-01 20:40:00,Landon the Bold,Attack
2025-02-01 20:41:00,Elara the Wise,Cast Spell
2025-02-01 20:42:00,Thorin Ironfist,Dodge
2025-02-01 20:43:00,Sylva Moonshadow,Heal
2025-02-01 20:44:00,Garrick the Swift,Use Item
2025-02-01 20:45:00,Landon the Bold,Defend
2025-02-01 20:46:00,Elara the Wise,Sneak
2025-02-01 20:47:00,Thorin Ironfist,Persuade
2025-02-01 20:48:00,Sylva Moonshadow,Investigate
2025-02-01 20:49:00,Garrick the Swift,Dash
